Workbook
Name CTR: 'Tiktok Performance Metrics'!$A$1
Name CTR: 'IG Performance Metrics'!$A$1

Sheet IG Raw Data
A1: Date | B1: Impressions | C1: Clicks | D1: Spending ($) | E1: Conversions | F1: Revenue ($)
A2: 45658 | B2: 27382 | C2: 483 | D2: 646 | E2: 8 | F2: 1375
A3: 45659 | B3: 99168 | C3: 1561 | D3: 2255 | E3: 35 | F3: 5159
A4: 45660 | B4: 14891 | C4: 273 | D4: 311 | E4: 6 | F4: 717
A5: 45661 | B5: 42989 | C5: 682 | D5: 1192 | E5: 13 | F5: 2969
A6: 45662 | B6: 36381 | C6: 559 | D6: 784 | E6: 13 | F6: 2556
A7: 45663 | B7: 56836 | C7: 1129 | D7: 2015 | E7: 16 | F7: 2697
A8: 45664 | B8: 45926 | C8: 1145 | D8: 1218 | E8: 28 | F8: 5549
A9: 45665 | B9: 43071 | C9: 356 | D9: 602 | E9: 9 | F9: 1395
A10: 45666 | B10: 82343 | C10: 1867 | D10: 2349 | E10: 30 | F10: 5835
A11: 45667 | B11: 76027 | C11: 1249 | D11: 2416 | E11: 16 | F11: 3085
A12: 45668 | B12: 80956 | C12: 733 | D12: 1279 | E12: 18 | F12: 2912
A13: 45669 | B13: 68072 | C13: 1332 | D13: 2367 | E13: 15 | F13: 3234
... A366: 46022 | B366: 83988 | C366: 2183 | D366: 2219 | E366: 41 | F366: 5949

Sheet IG monthly
A1: Month | B1: Impressions | C1: Clicks | D1: Spend | E1: Conversions | F1: Revenue | G1: Avg Conv Value | H1: ROAS
A2: 1 | B2: =SUMIF('IG Performance Metrics'!B:B, A2, 'IG Performance Metrics'!C:C) -> 1720107 | C2: =SUMIF('IG Performance Metrics'!B:B, A2, 'IG Performance Metrics'!E:E) -> 32172 | D2: =SUMIF('IG Performance Metrics'!B:B, A2, 'IG Performance Metrics'!H:H) -> 48783 | E2: =SUMIF('IG Performance Metrics'!B:B, A2, 'IG Performance Metrics'!J:J) -> 599 | F2: =SUMIF('IG Performance Metrics'!B:B, A2, 'IG Performance Metrics'!L:L) -> 99008 | G2: =F2/E2 -> 165.28881 | H2: =F2/D2 -> 2.0295595
A3: 2 | B3: =SUMIF('IG Performance Metrics'!B:B, A3, 'IG Performance Metrics'!C:C) -> 1557121 | C3: =SUMIF('IG Performance Metrics'!B:B, A3, 'IG Performance Metrics'!E:E) -> 31502 | D3: =SUMIF('IG Performance Metrics'!B:B, A3, 'IG Performance Metrics'!H:H) -> 47406 | E3: =SUMIF('IG Performance Metrics'!B:B, A3, 'IG Performance Metrics'!J:J) -> 546 | F3: =SUMIF('IG Performance Metrics'!B:B, A3, 'IG Performance Metrics'!L:L) -> 92767 | G3: =F3/E3 -> 169.90293 | H3: =F3/D3 -> 1.956862
A4: 3 | B4: =SUMIF('IG Performance Metrics'!B:B, A4, 'IG Performance Metrics'!C:C) -> 1570479 | C4: =SUMIF('IG Performance Metrics'!B:B, A4, 'IG Performance Metrics'!E:E) -> 31937 | D4: =SUMIF('IG Performance Metrics'!B:B, A4, 'IG Performance Metrics'!H:H) -> 45220 | E4: =SUMIF('IG Performance Metrics'!B:B, A4, 'IG Performance Metrics'!J:J) -> 610 | F4: =SUMIF('IG Performance Metrics'!B:B, A4, 'IG Performance Metrics'!L:L) -> 91252 | G4: =F4/E4 -> 149.59344 | H4: =F4/D4 -> 2.0179567
A5: 4 | B5: =SUMIF('IG Performance Metrics'!B:B, A5, 'IG Performance Metrics'!C:C) -> 1921842 | C5: =SUMIF('IG Performance Metrics'!B:B, A5, 'IG Performance Metrics'!E:E) -> 37631 | D5: =SUMIF('IG Performance Metrics'!B:B, A5, 'IG Performance Metrics'!H:H) -> 59285 | E5: =SUMIF('IG Performance Metrics'!B:B, A5, 'IG Performance Metrics'!J:J) -> 717 | F5: =SUMIF('IG Performance Metrics'!B:B, A5, 'IG Performance Metrics'!L:L) -> 112373 | G5: =F5/E5 -> 156.72664 | H5: =F5/D5 -> 1.895471
A6: 5 | B6: =SUMIF('IG Performance Metrics'!B:B, A6, 'IG Performance Metrics'!C:C) -> 1828461 | C6: =SUMIF('IG Performance Metrics'!B:B, A6, 'IG Performance Metrics'!E:E) -> 36388 | D6: =SUMIF('IG Performance Metrics'!B:B, A6, 'IG Performance Metrics'!H:H) -> 57348 | E6: =SUMIF('IG Performance Metrics'!B:B, A6, 'IG Performance Metrics'!J:J) -> 702 | F6: =SUMIF('IG Performance Metrics'!B:B, A6, 'IG Performance Metrics'!L:L) -> 106927 | G6: =F6/E6 -> 152.31766 | H6: =F6/D6 -> 1.8645288
A7: 6 | B7: =SUMIF('IG Performance Metrics'!B:B, A7, 'IG Performance Metrics'!C:C) -> 1704404 | C7: =SUMIF('IG Performance Metrics'!B:B, A7, 'IG Performance Metrics'!E:E) -> 36581 | D7: =SUMIF('IG Performance Metrics'!B:B, A7, 'IG Performance Metrics'!H:H) -> 56754 | E7: =SUMIF('IG Performance Metrics'!B:B, A7, 'IG Performance Metrics'!J:J) -> 716 | F7: =SUMIF('IG Performance Metrics'!B:B, A7, 'IG Performance Metrics'!L:L) -> 113329 | G7: =F7/E7 -> 158.28073 | H7: =F7/D7 -> 1.996846
A8: 7 | B8: =SUMIF('IG Performance Metrics'!B:B, A8, 'IG Performance Metrics'!C:C) -> 1631972 | C8: =SUMIF('IG Performance Metrics'!B:B, A8, 'IG Performance Metrics'!E:E) -> 35440 | D8: =SUMIF('IG Performance Metrics'!B:B, A8, 'IG Performance Metrics'!H:H) -> 54023 | E8: =SUMIF('IG Performance Metrics'!B:B, A8, 'IG Performance Metrics'!J:J) -> 635 | F8: =SUMIF('IG Performance Metrics'!B:B, A8, 'IG Performance Metrics'!L:L) -> 95572 | G8: =F8/E8 -> 150.50709 | H8: =F8/D8 -> 1.7690983
A9: 8 | B9: =SUMIF('IG Performance Metrics'!B:B, A9, 'IG Performance Metrics'!C:C) -> 1673314 | C9: =SUMIF('IG Performance Metrics'!B:B, A9, 'IG Performance Metrics'!E:E) -> 32435 | D9: =SUMIF('IG Performance Metrics'!B:B, A9, 'IG Performance Metrics'!H:H) -> 50112 | E9: =SUMIF('IG Performance Metrics'!B:B, A9, 'IG Performance Metrics'!J:J) -> 590 | F9: =SUMIF('IG Performance Metrics'!B:B, A9, 'IG Performance Metrics'!L:L) -> 89404 | G9: =F9/E9 -> 151.5322 | H9: =F9/D9 -> 1.7840837
A10: 9 | B10: =SUMIF('IG Performance Metrics'!B:B, A10, 'IG Performance Metrics'!C:C) -> 1486196 | C10: =SUMIF('IG Performance Metrics'!B:B, A10, 'IG Performance Metrics'!E:E) -> 28665 | D10: =SUMIF('IG Performance Metrics'!B:B, A10, 'IG Performance Metrics'!H:H) -> 43521 | E10: =SUMIF('IG Performance Metrics'!B:B, A10, 'IG Performance Metrics'!J:J) -> 551 | F10: =SUMIF('IG Performance Metrics'!B:B, A10, 'IG Performance Metrics'!L:L) -> 87196 | G10: =F10/E10 -> 158.25045 | H10: =F10/D10 -> 2.0035385
A11: 10 | B11: =SUMIF('IG Performance Metrics'!B:B, A11, 'IG Performance Metrics'!C:C) -> 1780444 | C11: =SUMIF('IG Performance Metrics'!B:B, A11, 'IG Performance Metrics'!E:E) -> 36765 | D11: =SUMIF('IG Performance Metrics'!B:B, A11, 'IG Performance Metrics'!H:H) -> 49918 | E11: =SUMIF('IG Performance Metrics'!B:B, A11, 'IG Performance Metrics'!J:J) -> 714 | F11: =SUMIF('IG Performance Metrics'!B:B, A11, 'IG Performance Metrics'!L:L) -> 103574 | G11: =F11/E11 -> 145.06162 | H11: =F11/D11 -> 2.0748828
A12: 11 | B12: =SUMIF('IG Performance Metrics'!B:B, A12, 'IG Performance Metrics'!C:C) -> 1567977 | C12: =SUMIF('IG Performance Metrics'!B:B, A12, 'IG Performance Metrics'!E:E) -> 31184 | D12: =SUMIF('IG Performance Metrics'!B:B, A12, 'IG Performance Metrics'!H:H) -> 42580 | E12: =SUMIF('IG Performance Metrics'!B:B, A12, 'IG Performance Metrics'!J:J) -> 567 | F12: =SUMIF('IG Performance Metrics'!B:B, A12, 'IG Performance Metrics'!L:L) -> 88344 | G12: =F12/E12 -> 155.80952 | H12: =F12/D12 -> 2.0747769
A13: 12 | B13: =SUMIF('IG Performance Metrics'!B:B, A13, 'IG Performance Metrics'!C:C) -> 2294197 | C13: =SUMIF('IG Performance Metrics'!B:B, A13, 'IG Performance Metrics'!E:E) -> 47640 | D13: =SUMIF('IG Performance Metrics'!B:B, A13, 'IG Performance Metrics'!H:H) -> 69955 | E13: =SUMIF('IG Performance Metrics'!B:B, A13, 'IG Performance Metrics'!J:J) -> 830 | F13: =SUMIF('IG Performance Metrics'!B:B, A13, 'IG Performance Metrics'!L:L) -> 133509 | G13: =F13/E13 -> 160.85422 | H13: =F13/D13 -> 1.9084983

Sheet IG Performance Metrics
A1: Date | B1: Month | C1: Impressions | D1: CTR | E1: Clicks | F1: CPC | G1: CPM | H1: Spend | I1: Conv Rate | J1: Conversions | K1: Avg Conv Value | L1: Revenue
A2: ='IG Raw Data'!A2 -> 45658 | B2: =MONTH(A2) -> 1 | C2: ='IG Raw Data'!B2 -> 27382 | D2: =E2/C2 -> 0.017639325 | E2: ='IG Raw Data'!C2 -> 483 | F2: =H2/E2 -> 1.3374741 | G2: =H2/(C2/1000) -> 23.592141 | H2: ='IG Raw Data'!D2 -> 646 | I2: =J2/E2 -> 0.016563147 | J2: ='IG Raw Data'!E2 -> 8 | K2: =L2/J2 -> 171.875 | L2: ='IG Raw Data'!F2 -> 1375
A3: ='IG Raw Data'!A3 -> 45659 | B3: =MONTH(A3) -> 1 | C3: ='IG Raw Data'!B3 -> 99168 | D3: =E3/C3 -> 0.015740965 | E3: ='IG Raw Data'!C3 -> 1561 | F3: =H3/E3 -> 1.4445868 | G3: =H3/(C3/1000) -> 22.73919 | H3: ='IG Raw Data'!D3 -> 2255 | I3: =J3/E3 -> 0.022421525 | J3: ='IG Raw Data'!E3 -> 35 | K3: =L3/J3 -> 147.4 | L3: ='IG Raw Data'!F3 -> 5159
A4: ='IG Raw Data'!A4 -> 45660 | B4: =MONTH(A4) -> 1 | C4: ='IG Raw Data'!B4 -> 14891 | D4: =E4/C4 -> 0.018333221 | E4: ='IG Raw Data'!C4 -> 273 | F4: =H4/E4 -> 1.1391941 | G4: =H4/(C4/1000) -> 20.885098 | H4: ='IG Raw Data'!D4 -> 311 | I4: =J4/E4 -> 0.021978022 | J4: ='IG Raw Data'!E4 -> 6 | K4: =L4/J4 -> 119.5 | L4: ='IG Raw Data'!F4 -> 717
A5: ='IG Raw Data'!A5 -> 45661 | B5: =MONTH(A5) -> 1 | C5: ='IG Raw Data'!B5 -> 42989 | D5: =E5/C5 -> 0.015864523 | E5: ='IG Raw Data'!C5 -> 682 | F5: =H5/E5 -> 1.7478006 | G5: =H5/(C5/1000) -> 27.728023 | H5: ='IG Raw Data'!D5 -> 1192 | I5: =J5/E5 -> 0.019061584 | J5: ='IG Raw Data'!E5 -> 13 | K5: =L5/J5 -> 228.38462 | L5: ='IG Raw Data'!F5 -> 2969
A6: ='IG Raw Data'!A6 -> 45662 | B6: =MONTH(A6) -> 1 | C6: ='IG Raw Data'!B6 -> 36381 | D6: =E6/C6 -> 0.015365163 | E6: ='IG Raw Data'!C6 -> 559 | F6: =H6/E6 -> 1.4025045 | G6: =H6/(C6/1000) -> 21.54971 | H6: ='IG Raw Data'!D6 -> 784 | I6: =J6/E6 -> 0.023255814 | J6: ='IG Raw Data'!E6 -> 13 | K6: =L6/J6 -> 196.61538 | L6: ='IG Raw Data'!F6 -> 2556
A7: ='IG Raw Data'!A7 -> 45663 | B7: =MONTH(A7) -> 1 | C7: ='IG Raw Data'!B7 -> 56836 | D7: =E7/C7 -> 0.019864171 | E7: ='IG Raw Data'!C7 -> 1129 | F7: =H7/E7 -> 1.7847653 | G7: =H7/(C7/1000) -> 35.452882 | H7: ='IG Raw Data'!D7 -> 2015 | I7: =J7/E7 -> 0.014171833 | J7: ='IG Raw Data'!E7 -> 16 | K7: =L7/J7 -> 168.5625 | L7: ='IG Raw Data'!F7 -> 2697
A8: ='IG Raw Data'!A8 -> 45664 | B8: =MONTH(A8) -> 1 | C8: ='IG Raw Data'!B8 -> 45926 | D8: =E8/C8 -> 0.024931411 | E8: ='IG Raw Data'!C8 -> 1145 | F8: =H8/E8 -> 1.0637555 | G8: =H8/(C8/1000) -> 26.520925 | H8: ='IG Raw Data'!D8 -> 1218 | I8: =J8/E8 -> 0.024454148 | J8: ='IG Raw Data'!E8 -> 28 | K8: =L8/J8 -> 198.17857 | L8: ='IG Raw Data'!F8 -> 5549
A9: ='IG Raw Data'!A9 -> 45665 | B9: =MONTH(A9) -> 1 | C9: ='IG Raw Data'!B9 -> 43071 | D9: =E9/C9 -> 0.0082654222 | E9: ='IG Raw Data'!C9 -> 356 | F9: =H9/E9 -> 1.6910112 | G9: =H9/(C9/1000) -> 13.976922 | H9: ='IG Raw Data'!D9 -> 602 | I9: =J9/E9 -> 0.025280899 | J9: ='IG Raw Data'!E9 -> 9 | K9: =L9/J9 -> 155 | L9: ='IG Raw Data'!F9 -> 1395
A10: ='IG Raw Data'!A10 -> 45666 | B10: =MONTH(A10) -> 1 | C10: ='IG Raw Data'!B10 -> 82343 | D10: =E10/C10 -> 0.022673451 | E10: ='IG Raw Data'!C10 -> 1867 | F10: =H10/E10 -> 1.2581682 | G10: =H10/(C10/1000) -> 28.527015 | H10: ='IG Raw Data'!D10 -> 2349 | I10: =J10/E10 -> 0.016068559 | J10: ='IG Raw Data'!E10 -> 30 | K10: =L10/J10 -> 194.5 | L10: ='IG Raw Data'!F10 -> 5835
A11: ='IG Raw Data'!A11 -> 45667 | B11: =MONTH(A11) -> 1 | C11: ='IG Raw Data'!B11 -> 76027 | D11: =E11/C11 -> 0.016428374 | E11: ='IG Raw Data'!C11 -> 1249 | F11: =H11/E11 -> 1.9343475 | G11: =H11/(C11/1000) -> 31.778184 | H11: ='IG Raw Data'!D11 -> 2416 | I11: =J11/E11 -> 0.012810248 | J11: ='IG Raw Data'!E11 -> 16 | K11: =L11/J11 -> 192.8125 | L11: ='IG Raw Data'!F11 -> 3085
A12: ='IG Raw Data'!A12 -> 45668 | B12: =MONTH(A12) -> 1 | C12: ='IG Raw Data'!B12 -> 80956 | D12: =E12/C12 -> 0.0090543011 | E12: ='IG Raw Data'!C12 -> 733 | F12: =H12/E12 -> 1.744884 | G12: =H12/(C12/1000) -> 15.798705 | H12: ='IG Raw Data'!D12 -> 1279 | I12: =J12/E12 -> 0.024556617 | J12: ='IG Raw Data'!E12 -> 18 | K12: =L12/J12 -> 161.77778 | L12: ='IG Raw Data'!F12 -> 2912
A13: ='IG Raw Data'!A13 -> 45669 | B13: =MONTH(A13) -> 1 | C13: ='IG Raw Data'!B13 -> 68072 | D13: =E13/C13 -> 0.019567517 | E13: ='IG Raw Data'!C13 -> 1332 | F13: =H13/E13 -> 1.777027 | G13: =H13/(C13/1000) -> 34.772006 | H13: ='IG Raw Data'!D13 -> 2367 | I13: =J13/E13 -> 0.011261261 | J13: ='IG Raw Data'!E13 -> 15 | K13: =L13/J13 -> 215.6 | L13: ='IG Raw Data'!F13 -> 3234
... A366: ='IG Raw Data'!A366 -> 46022 | B366: =MONTH(A366) -> 12 | C366: ='IG Raw Data'!B366 -> 83988 | D366: =E366/C366 -> 0.025991808 | E366: ='IG Raw Data'!C366 -> 2183 | F366: =H366/E366 -> 1.0164911 | G366: =H366/(C366/1000) -> 26.420441 | H366: ='IG Raw Data'!D366 -> 2219 | I366: =J366/E366 -> 0.018781493 | J366: ='IG Raw Data'!E366 -> 41 | K366: =L366/J366 -> 145.09756 | L366: ='IG Raw Data'!F366 -> 5949

Sheet Summary
B1: IG ADS | C1: Tiktok Ads
A2: Bu yıl bu reklam kanalına toplam ne kadar harcadık? | B2: =SUM('IG Raw Data'!D:D) -> 624905 | C2: =sum('Tiktok Performance Metrics'!H:H) -> 510905
A3: Toplam kaç tıklama elde ettik? | B3: =SUM('IG Raw Data'!C:C) -> 418340 | C3: =sum('Tiktok Performance Metrics'!E:E) -> 527974
A4: Toplam kaç gösterim elde ettik? | B4: =SUM('IG Raw Data'!B:B) -> 20736514 | C4: =sum('Tiktok Performance Metrics'!C:C) -> 25126402
A5: Ortalama Tıklama Başına Maliyet (CPC) nedir? | B5: =B2/B3 -> 1.493773 | C5: =C2/C3 -> 0.96767076
A6: Ortalama CPM nedir? | B6: =B2/(B4/1000) -> 30.135489 | C6: =C2/(C4/1000) -> 20.333393
A7: Bu yıl kaç conversion (dönüşüm) elde ettik? | B7: =SUM('IG Raw Data'!E:E) -> 7777 | C7: =SUM('Tiktok Raw Data'!E:E) -> 9870
A8: Ortalama conversion başına maliyet nedir? | B8: =SUM('IG Raw Data'!D:D)/SUM('IG Raw Data'!E:E) -> 80.352964 | C8: =C2/C7 -> 51.763425
A9: Bu yıl bu reklam kanalından elde edilen gelir ne kadar? | B9: =SUM('IG Raw Data'!F:F) -> 1213255 | C9: =SUM('Tiktok Raw Data'!F:F) -> 1522890
A10: Bu yılki ROAS nedir? | B10: =B9/B2 -> 1.9415031 | C10: =C9/C2 -> 2.9807694
A12: Bütçemizin çoğunu hangi ayda harcadık? | B12: Aralık | C12: Nisan
A13: En çok conversion (dönüşüm) hangi ayda elde ettik? | B13: Aralık | C13: Aralık
A14: En çok geliri hangi ayda elde ettik? | B14: Aralık | C14: Temmuz
A15: En yüksek gelirli ay için CPC ne? | B15: 1.49 | C15: ='Tiktok Monthly'!D8/'Tiktok Monthly'!C8 -> 0.87067911
A16: En yüksek gelirli ay için CPM ne? | B16: 29.69 | C16: ='Tiktok Monthly'!D8/('Tiktok Monthly'!B8/1000) -> 19.618858
A17: O ay için ortalama conversion başına gelir ne? | B17: 160.85 | C17: ='Tiktok Monthly'!F8/'Tiktok Monthly'!E8 -> 156.44554

Sheet Graphs

Sheet Tiktok Monthly
A1: Month | B1: Impressions | C1: Clicks | D1: Spend | E1: Conversions | F1: Revenue | G1: Avg Conv Value | H1: ROAS
A2: 1 | B2: =SUMIF('Tiktok Performance Metrics'!B:B, A2, 'Tiktok Performance Metrics'!C:C) -> 2112620 | C2: =SUMIF('Tiktok Performance Metrics'!B:B, A2, 'Tiktok Performance Metrics'!E:E) -> 41019 | D2: =SUMIF('Tiktok Performance Metrics'!B:B, A2, 'Tiktok Performance Metrics'!H:H) -> 40140 | E2: =SUMIF('Tiktok Performance Metrics'!B:B, A2, 'Tiktok Performance Metrics'!J:J) -> 739 | F2: =SUMIF('Tiktok Performance Metrics'!B:B, A2, 'Tiktok Performance Metrics'!L:L) -> 124409 | G2: =F2/E2 -> 168.34777 | H2: =F2/D2 -> 3.0993772
A3: 2 | B3: =SUMIF('Tiktok Performance Metrics'!B:B, A3, 'Tiktok Performance Metrics'!C:C) -> 1949003 | C3: =SUMIF('Tiktok Performance Metrics'!B:B, A3, 'Tiktok Performance Metrics'!E:E) -> 39714 | D3: =SUMIF('Tiktok Performance Metrics'!B:B, A3, 'Tiktok Performance Metrics'!H:H) -> 37924 | E3: =SUMIF('Tiktok Performance Metrics'!B:B, A3, 'Tiktok Performance Metrics'!J:J) -> 675 | F3: =SUMIF('Tiktok Performance Metrics'!B:B, A3, 'Tiktok Performance Metrics'!L:L) -> 113330 | G3: =F3/E3 -> 167.8963 | H3: =F3/D3 -> 2.9883451
A4: 3 | B4: =SUMIF('Tiktok Performance Metrics'!B:B, A4, 'Tiktok Performance Metrics'!C:C) -> 1893765 | C4: =SUMIF('Tiktok Performance Metrics'!B:B, A4, 'Tiktok Performance Metrics'!E:E) -> 39636 | D4: =SUMIF('Tiktok Performance Metrics'!B:B, A4, 'Tiktok Performance Metrics'!H:H) -> 37093 | E4: =SUMIF('Tiktok Performance Metrics'!B:B, A4, 'Tiktok Performance Metrics'!J:J) -> 745 | F4: =SUMIF('Tiktok Performance Metrics'!B:B, A4, 'Tiktok Performance Metrics'!L:L) -> 116041 | G4: =F4/E4 -> 155.75973 | H4: =F4/D4 -> 3.12838
A5: 4 | B5: =SUMIF('Tiktok Performance Metrics'!B:B, A5, 'Tiktok Performance Metrics'!C:C) -> 2282519 | C5: =SUMIF('Tiktok Performance Metrics'!B:B, A5, 'Tiktok Performance Metrics'!E:E) -> 47400 | D5: =SUMIF('Tiktok Performance Metrics'!B:B, A5, 'Tiktok Performance Metrics'!H:H) -> 47533 | E5: =SUMIF('Tiktok Performance Metrics'!B:B, A5, 'Tiktok Performance Metrics'!J:J) -> 887 | F5: =SUMIF('Tiktok Performance Metrics'!B:B, A5, 'Tiktok Performance Metrics'!L:L) -> 138187 | G5: =F5/E5 -> 155.79143 | H5: =F5/D5 -> 2.9071803
A6: 5 | B6: =SUMIF('Tiktok Performance Metrics'!B:B, A6, 'Tiktok Performance Metrics'!C:C) -> 2165819 | C6: =SUMIF('Tiktok Performance Metrics'!B:B, A6, 'Tiktok Performance Metrics'!E:E) -> 44964 | D6: =SUMIF('Tiktok Performance Metrics'!B:B, A6, 'Tiktok Performance Metrics'!H:H) -> 46113 | E6: =SUMIF('Tiktok Performance Metrics'!B:B, A6, 'Tiktok Performance Metrics'!J:J) -> 868 | F6: =SUMIF('Tiktok Performance Metrics'!B:B, A6, 'Tiktok Performance Metrics'!L:L) -> 131777 | G6: =F6/E6 -> 151.81682 | H6: =F6/D6 -> 2.8576974
A7: 6 | B7: =SUMIF('Tiktok Performance Metrics'!B:B, A7, 'Tiktok Performance Metrics'!C:C) -> 2051995 | C7: =SUMIF('Tiktok Performance Metrics'!B:B, A7, 'Tiktok Performance Metrics'!E:E) -> 46469 | D7: =SUMIF('Tiktok Performance Metrics'!B:B, A7, 'Tiktok Performance Metrics'!H:H) -> 45535 | E7: =SUMIF('Tiktok Performance Metrics'!B:B, A7, 'Tiktok Performance Metrics'!J:J) -> 867 | F7: =SUMIF('Tiktok Performance Metrics'!B:B, A7, 'Tiktok Performance Metrics'!L:L) -> 136097 | G7: =F7/E7 -> 156.97463 | H7: =F7/D7 -> 2.9888437
A8: 7 | B8: =SUMIF('Tiktok Performance Metrics'!B:B, A8, 'Tiktok Performance Metrics'!C:C) -> 2321236 | C8: =SUMIF('Tiktok Performance Metrics'!B:B, A8, 'Tiktok Performance Metrics'!E:E) -> 52304 | D8: =SUMIF('Tiktok Performance Metrics'!B:B, A8, 'Tiktok Performance Metrics'!H:H) -> 45540 | E8: =SUMIF('Tiktok Performance Metrics'!B:B, A8, 'Tiktok Performance Metrics'!J:J) -> 909 | F8: =SUMIF('Tiktok Performance Metrics'!B:B, A8, 'Tiktok Performance Metrics'!L:L) -> 142209 | G8: =F8/E8 -> 156.44554 | H8: =F8/D8 -> 3.1227273
A9: 8 | B9: =SUMIF('Tiktok Performance Metrics'!B:B, A9, 'Tiktok Performance Metrics'!C:C) -> 2515056 | C9: =SUMIF('Tiktok Performance Metrics'!B:B, A9, 'Tiktok Performance Metrics'!E:E) -> 51908 | D9: =SUMIF('Tiktok Performance Metrics'!B:B, A9, 'Tiktok Performance Metrics'!H:H) -> 44106 | E9: =SUMIF('Tiktok Performance Metrics'!B:B, A9, 'Tiktok Performance Metrics'!J:J) -> 916 | F9: =SUMIF('Tiktok Performance Metrics'!B:B, A9, 'Tiktok Performance Metrics'!L:L) -> 140844 | G9: =F9/E9 -> 153.75983 | H9: =F9/D9 -> 3.193307
A10: 9 | B10: =SUMIF('Tiktok Performance Metrics'!B:B, A10, 'Tiktok Performance Metrics'!C:C) -> 1846314 | C10: =SUMIF('Tiktok Performance Metrics'!B:B, A10, 'Tiktok Performance Metrics'!E:E) -> 36520 | D10: =SUMIF('Tiktok Performance Metrics'!B:B, A10, 'Tiktok Performance Metrics'!H:H) -> 35760 | E10: =SUMIF('Tiktok Performance Metrics'!B:B, A10, 'Tiktok Performance Metrics'!J:J) -> 682 | F10: =SUMIF('Tiktok Performance Metrics'!B:B, A10, 'Tiktok Performance Metrics'!L:L) -> 107590 | G10: =F10/E10 -> 157.7566 | H10: =F10/D10 -> 3.0086689
A11: 10 | B11: =SUMIF('Tiktok Performance Metrics'!B:B, A11, 'Tiktok Performance Metrics'!C:C) -> 2115203 | C11: =SUMIF('Tiktok Performance Metrics'!B:B, A11, 'Tiktok Performance Metrics'!E:E) -> 45029 | D11: =SUMIF('Tiktok Performance Metrics'!B:B, A11, 'Tiktok Performance Metrics'!H:H) -> 39690 | E11: =SUMIF('Tiktok Performance Metrics'!B:B, A11, 'Tiktok Performance Metrics'!J:J) -> 858 | F11: =SUMIF('Tiktok Performance Metrics'!B:B, A11, 'Tiktok Performance Metrics'!L:L) -> 127829 | G11: =F11/E11 -> 148.98485 | H11: =F11/D11 -> 3.2206853
A12: 11 | B12: =SUMIF('Tiktok Performance Metrics'!B:B, A12, 'Tiktok Performance Metrics'!C:C) -> 1882573 | C12: =SUMIF('Tiktok Performance Metrics'!B:B, A12, 'Tiktok Performance Metrics'!E:E) -> 39000 | D12: =SUMIF('Tiktok Performance Metrics'!B:B, A12, 'Tiktok Performance Metrics'!H:H) -> 34809 | E12: =SUMIF('Tiktok Performance Metrics'!B:B, A12, 'Tiktok Performance Metrics'!J:J) -> 690 | F12: =SUMIF('Tiktok Performance Metrics'!B:B, A12, 'Tiktok Performance Metrics'!L:L) -> 111719 | G12: =F12/E12 -> 161.91159 | H12: =F12/D12 -> 3.2094861
A13: 12 | B13: =SUMIF('Tiktok Performance Metrics'!B:B, A13, 'Tiktok Performance Metrics'!C:C) -> 1990299 | C13: =SUMIF('Tiktok Performance Metrics'!B:B, A13, 'Tiktok Performance Metrics'!E:E) -> 44011 | D13: =SUMIF('Tiktok Performance Metrics'!B:B, A13, 'Tiktok Performance Metrics'!H:H) -> 56662 | E13: =SUMIF('Tiktok Performance Metrics'!B:B, A13, 'Tiktok Performance Metrics'!J:J) -> 1034 | F13: =SUMIF('Tiktok Performance Metrics'!B:B, A13, 'Tiktok Performance Metrics'!L:L) -> 132858 | G13: =F13/E13 -> 128.48936 | H13: =F13/D13 -> 2.344746

Sheet Tiktok Raw Data
A1: submit_date | B1: impressions | C1: clicks | D1: spending ($) | E1: conversions | F1: revenue ($)
A2: 45658 | B2: 37761 | C2: 685 | D2: 519 | E2: 11 | F2: 1711
A3: 45659 | B3: 113622 | C3: 2139 | D3: 1923 | E3: 50 | F3: 6262
A4: 45660 | B4: 25676 | C4: 360 | D4: 270 | E4: 7 | F4: 861
A5: 45661 | B5: 55742 | C5: 927 | D5: 951 | E5: 16 | F5: 3532
A6: 45662 | B6: 50034 | C6: 669 | D6: 588 | E6: 15 | F6: 3464
A7: 45663 | B7: 72795 | C7: 1327 | D7: 1464 | E7: 22 | F7: 3804
A8: 45664 | B8: 54686 | C8: 1607 | D8: 1118 | E8: 33 | F8: 6814
A9: 45665 | B9: 51903 | C9: 509 | D9: 545 | E9: 10 | F9: 1671
A10: 45666 | B10: 96174 | C10: 2195 | D10: 1870 | E10: 38 | F10: 8346
A11: 45667 | B11: 85203 | C11: 1569 | D11: 2066 | E11: 19 | F11: 3876
A12: 45668 | B12: 81432 | C12: 1020 | D12: 1090 | E12: 20 | F12: 4285
A13: 45669 | B13: 86724 | C13: 1608 | D13: 1626 | E13: 20 | F13: 4266
... A366: 46022 | B366: 79467 | C366: 2002 | D366: 2063 | E366: 46 | F366: 5993

Sheet Tiktok Performance Metrics
A1: Date | B1: Month | C1: Impressions | D1: CTR | E1: Clicks | F1: CPC | G1: CPM | H1: Spend | I1: Conv Rate | J1: Conversions | K1: Avg Conv Value | L1: Revenue
A2: ='Tiktok Raw Data'!A2 -> 45658 | B2: =MONTH(A2) -> 1 | C2: ='Tiktok Raw Data'!B2 -> 37761 | D2: =E2/C2 -> 0.018140409 | E2: ='Tiktok Raw Data'!C2 -> 685 | F2: =H2/E2 -> 0.75766423 | G2: =H2/(C2/1000) -> 13.744339 | H2: ='Tiktok Raw Data'!D2 -> 519 | I2: =J2/E2 -> 0.016058394 | J2: ='Tiktok Raw Data'!E2 -> 11 | K2: =L2/J2 -> 155.54545 | L2: ='Tiktok Raw Data'!F2 -> 1711
A3: ='Tiktok Raw Data'!A3 -> 45659 | B3: =MONTH(A3) -> 1 | C3: ='Tiktok Raw Data'!B3 -> 113622 | D3: =E3/C3 -> 0.01882558 | E3: ='Tiktok Raw Data'!C3 -> 2139 | F3: =H3/E3 -> 0.89901823 | G3: =H3/(C3/1000) -> 16.924539 | H3: ='Tiktok Raw Data'!D3 -> 1923 | I3: =J3/E3 -> 0.023375409 | J3: ='Tiktok Raw Data'!E3 -> 50 | K3: =L3/J3 -> 125.24 | L3: ='Tiktok Raw Data'!F3 -> 6262
A4: ='Tiktok Raw Data'!A4 -> 45660 | B4: =MONTH(A4) -> 1 | C4: ='Tiktok Raw Data'!B4 -> 25676 | D4: =E4/C4 -> 0.014020876 | E4: ='Tiktok Raw Data'!C4 -> 360 | F4: =H4/E4 -> 0.75 | G4: =H4/(C4/1000) -> 10.515657 | H4: ='Tiktok Raw Data'!D4 -> 270 | I4: =J4/E4 -> 0.019444444 | J4: ='Tiktok Raw Data'!E4 -> 7 | K4: =L4/J4 -> 123 | L4: ='Tiktok Raw Data'!F4 -> 861
A5: ='Tiktok Raw Data'!A5 -> 45661 | B5: =MONTH(A5) -> 1 | C5: ='Tiktok Raw Data'!B5 -> 55742 | D5: =E5/C5 -> 0.016630189 | E5: ='Tiktok Raw Data'!C5 -> 927 | F5: =H5/E5 -> 1.02589 | G5: =H5/(C5/1000) -> 17.060744 | H5: ='Tiktok Raw Data'!D5 -> 951 | I5: =J5/E5 -> 0.017259978 | J5: ='Tiktok Raw Data'!E5 -> 16 | K5: =L5/J5 -> 220.75 | L5: ='Tiktok Raw Data'!F5 -> 3532
A6: ='Tiktok Raw Data'!A6 -> 45662 | B6: =MONTH(A6) -> 1 | C6: ='Tiktok Raw Data'!B6 -> 50034 | D6: =E6/C6 -> 0.013370908 | E6: ='Tiktok Raw Data'!C6 -> 669 | F6: =H6/E6 -> 0.87892377 | G6: =H6/(C6/1000) -> 11.752009 | H6: ='Tiktok Raw Data'!D6 -> 588 | I6: =J6/E6 -> 0.022421525 | J6: ='Tiktok Raw Data'!E6 -> 15 | K6: =L6/J6 -> 230.93333 | L6: ='Tiktok Raw Data'!F6 -> 3464
A7: ='Tiktok Raw Data'!A7 -> 45663 | B7: =MONTH(A7) -> 1 | C7: ='Tiktok Raw Data'!B7 -> 72795 | D7: =E7/C7 -> 0.018229274 | E7: ='Tiktok Raw Data'!C7 -> 1327 | F7: =H7/E7 -> 1.1032404 | G7: =H7/(C7/1000) -> 20.111271 | H7: ='Tiktok Raw Data'!D7 -> 1464 | I7: =J7/E7 -> 0.016578749 | J7: ='Tiktok Raw Data'!E7 -> 22 | K7: =L7/J7 -> 172.90909 | L7: ='Tiktok Raw Data'!F7 -> 3804
A8: ='Tiktok Raw Data'!A8 -> 45664 | B8: =MONTH(A8) -> 1 | C8: ='Tiktok Raw Data'!B8 -> 54686 | D8: =E8/C8 -> 0.029385949 | E8: ='Tiktok Raw Data'!C8 -> 1607 | F8: =H8/E8 -> 0.69570628 | G8: =H8/(C8/1000) -> 20.443989 | H8: ='Tiktok Raw Data'!D8 -> 1118 | I8: =J8/E8 -> 0.020535159 | J8: ='Tiktok Raw Data'!E8 -> 33 | K8: =L8/J8 -> 206.48485 | L8: ='Tiktok Raw Data'!F8 -> 6814
A9: ='Tiktok Raw Data'!A9 -> 45665 | B9: =MONTH(A9) -> 1 | C9: ='Tiktok Raw Data'!B9 -> 51903 | D9: =E9/C9 -> 0.0098067549 | E9: ='Tiktok Raw Data'!C9 -> 509 | F9: =H9/E9 -> 1.0707269 | G9: =H9/(C9/1000) -> 10.500356 | H9: ='Tiktok Raw Data'!D9 -> 545 | I9: =J9/E9 -> 0.019646365 | J9: ='Tiktok Raw Data'!E9 -> 10 | K9: =L9/J9 -> 167.1 | L9: ='Tiktok Raw Data'!F9 -> 1671
A10: ='Tiktok Raw Data'!A10 -> 45666 | B10: =MONTH(A10) -> 1 | C10: ='Tiktok Raw Data'!B10 -> 96174 | D10: =E10/C10 -> 0.022823216 | E10: ='Tiktok Raw Data'!C10 -> 2195 | F10: =H10/E10 -> 0.85193622 | G10: =H10/(C10/1000) -> 19.443925 | H10: ='Tiktok Raw Data'!D10 -> 1870 | I10: =J10/E10 -> 0.017312073 | J10: ='Tiktok Raw Data'!E10 -> 38 | K10: =L10/J10 -> 219.63158 | L10: ='Tiktok Raw Data'!F10 -> 8346
A11: ='Tiktok Raw Data'!A11 -> 45667 | B11: =MONTH(A11) -> 1 | C11: ='Tiktok Raw Data'!B11 -> 85203 | D11: =E11/C11 -> 0.018414845 | E11: ='Tiktok Raw Data'!C11 -> 1569 | F11: =H11/E11 -> 1.3167623 | G11: =H11/(C11/1000) -> 24.247972 | H11: ='Tiktok Raw Data'!D11 -> 2066 | I11: =J11/E11 -> 0.012109624 | J11: ='Tiktok Raw Data'!E11 -> 19 | K11: =L11/J11 -> 204 | L11: ='Tiktok Raw Data'!F11 -> 3876
A12: ='Tiktok Raw Data'!A12 -> 45668 | B12: =MONTH(A12) -> 1 | C12: ='Tiktok Raw Data'!B12 -> 81432 | D12: =E12/C12 -> 0.012525788 | E12: ='Tiktok Raw Data'!C12 -> 1020 | F12: =H12/E12 -> 1.0686275 | G12: =H12/(C12/1000) -> 13.385401 | H12: ='Tiktok Raw Data'!D12 -> 1090 | I12: =J12/E12 -> 0.019607843 | J12: ='Tiktok Raw Data'!E12 -> 20 | K12: =L12/J12 -> 214.25 | L12: ='Tiktok Raw Data'!F12 -> 4285
A13: ='Tiktok Raw Data'!A13 -> 45669 | B13: =MONTH(A13) -> 1 | C13: ='Tiktok Raw Data'!B13 -> 86724 | D13: =E13/C13 -> 0.01854158 | E13: ='Tiktok Raw Data'!C13 -> 1608 | F13: =H13/E13 -> 1.011194 | G13: =H13/(C13/1000) -> 18.749135 | H13: ='Tiktok Raw Data'!D13 -> 1626 | I13: =J13/E13 -> 0.012437811 | J13: ='Tiktok Raw Data'!E13 -> 20 | K13: =L13/J13 -> 213.3 | L13: ='Tiktok Raw Data'!F13 -> 4266
... A366: ='Tiktok Raw Data'!A366 -> 46022 | B366: =MONTH(A366) -> 12 | C366: ='Tiktok Raw Data'!B366 -> 79467 | D366: =E366/C366 -> 0.025192847 | E366: ='Tiktok Raw Data'!C366 -> 2002 | F366: =H366/E366 -> 1.0304695 | G366: =H366/(C366/1000) -> 25.960462 | H366: ='Tiktok Raw Data'!D366 -> 2063 | I366: =J366/E366 -> 0.022977023 | J366: ='Tiktok Raw Data'!E366 -> 46 | K366: =L366/J366 -> 130.28261 | L366: ='Tiktok Raw Data'!F366 -> 5993
